timestamp,particlesDetectedDuration,sampleDuration,concentration
1637183206.977,0.000,300.000,0.620
1637183506.978,0.000,300.001,0.620
1637183806.979,0.000,300.000,0.620
1637184106.979,0.000,300.000,0.620
1637184406.980,0.000,300.000,0.620
1637184706.980,0.000,300.000,0.620
1637185006.980,0.000,300.008,0.620
1637185306.989,0.000,300.000,0.620
1637185606.989,0.000,300.001,0.620
1637185906.990,0.000,300.000,0.620
1637186206.991,0.000,300.000,0.620
1637186506.991,0.000,300.000,0.620
1637186806.992,0.000,300.006,0.620
1637187106.998,0.000,300.000,0.620
1637187406.999,0.000,300.009,0.620
1637187707.008,0.000,300.001,0.620
1637188007.014,0.000,300.000,0.620
1637188307.014,0.000,300.004,0.620
1637188607.018,0.000,300.001,0.620
1637188907.030,0.000,300.000,0.620
1637189207.030,0.000,300.009,0.620
1637189507.039,0.000,300.004,0.620
1637189807.043,0.000,300.000,0.620
1637190107.043,0.000,300.000,0.620
1637190407.044,0.000,300.005,0.620
1637190707.049,0.000,300.000,0.620
1637191007.049,0.000,300.009,0.620
1637191307.058,0.000,300.004,0.620
1637191607.063,0.000,300.008,0.620
1637191907.071,0.000,300.000,0.620
1637192207.072,0.000,300.000,0.620
1637192507.072,0.000,300.000,0.620
1637192807.072,0.000,300.000,0.620
1637193107.073,0.000,300.000,0.620
1637193407.073,0.000,300.000,0.620
1637193707.073,0.000,300.000,0.620
1637194007.073,0.000,300.000,0.620
1637194307.074,0.000,300.009,0.620
1637194607.083,0.000,300.000,0.620
1637194907.083,0.000,300.006,0.620
1637195207.089,0.000,300.000,0.620
1637195507.090,0.000,300.000,0.620
1637195807.090,0.000,300.000,0.620
1637196107.090,0.000,300.000,0.620
1637196407.091,0.000,300.007,0.620
1637196707.098,0.000,300.005,0.620
1637197007.104,0.000,300.000,0.620
1637197307.104,0.000,300.000,0.620
1637197607.104,0.000,300.000,0.620
1637197907.105,0.000,300.003,0.620
1637198207.108,0.000,300.010,0.620
1637198507.118,0.000,300.004,0.620
1637198807.123,0.000,300.000,0.620
1637199107.123,0.000,300.000,0.620
1637199407.123,0.000,300.005,0.620
1637199707.128,0.000,300.001,0.620
1637200007.129,0.000,300.000,0.620
1637200307.130,0.000,300.005,0.620
1637200607.135,0.000,300.000,0.620
1637200907.135,0.000,300.003,0.620
1637201207.138,0.000,300.001,0.620
1637201507.139,0.000,300.000,0.620
1637201807.140,0.000,300.000,0.620
1637202107.140,0.000,300.000,0.620
1637202407.140,0.000,300.000,0.620
1637202707.141,0.000,300.008,0.620
1637203007.149,0.000,300.000,0.620
1637203307.150,0.000,300.010,0.620
1637203607.160,0.000,300.008,0.620
1637203907.168,0.000,300.000,0.620
1637204207.177,0.000,300.002,0.620
1637204507.178,0.000,300.000,0.620
1637204807.180,0.000,300.009,0.620
1637205107.189,0.000,300.009,0.620
1637205407.198,0.000,300.001,0.620
1637205707.209,0.000,300.009,0.620
1637206007.218,0.000,300.000,0.620
1637206307.226,0.000,300.000,0.620
1637206607.226,0.000,300.000,0.620
1637206907.227,0.000,300.000,0.620
1637207207.227,0.000,300.000,0.620
1637207507.238,0.000,300.001,0.620
1637207807.240,0.000,300.000,0.620
1637208107.240,0.000,300.007,0.620
1637208407.249,0.000,300.009,0.620
1637208707.258,0.000,300.001,0.620
1637209007.259,0.000,300.010,0.620
1637209307.269,0.000,300.000,0.620
1637209607.270,0.000,300.000,0.620
1637209907.270,0.000,300.000,0.620
1637210207.271,0.000,300.008,0.620
1637210507.279,0.000,300.000,0.620
1637210807.280,0.000,300.000,0.620
1637211107.280,0.000,300.010,0.620
1637211407.290,0.000,300.008,0.620
1637211707.298,0.000,300.001,0.620
1637212007.309,0.000,300.009,0.620
1637212307.318,0.000,300.000,0.620
1637212607.319,0.000,300.000,0.620
1637212907.319,0.000,300.009,0.620
1637213207.328,0.000,300.001,0.620
1637213507.329,0.000,300.009,0.620
1637213807.338,0.000,300.001,0.620
1637214107.339,0.000,300.004,0.620
1637214407.344,0.000,300.005,0.620
1637214707.349,0.000,300.013,0.620
1637215007.363,0.000,300.000,0.620
1637215307.363,0.000,300.000,0.620
1637215607.364,0.000,300.005,0.620
1637215907.369,0.000,300.000,0.620
1637216207.369,0.000,300.000,0.620
1637216507.370,0.000,300.008,0.620
1637216807.378,0.000,300.001,0.620
1637217107.379,0.000,300.009,0.620
1637217407.388,0.000,300.000,0.620
1637217707.389,0.000,300.009,0.620
1637218007.398,0.000,300.011,0.620
1637218307.409,0.000,300.009,0.620
1637218607.418,0.000,300.008,0.620
1637218907.427,0.000,300.000,0.620
1637219207.427,0.000,300.001,0.620
1637219507.437,0.000,300.007,0.620
1637219807.445,0.000,300.000,0.620
1637220107.445,0.000,300.010,0.620
1637220407.455,0.000,300.000,0.620
1637220707.455,0.000,300.003,0.620
1637221007.458,0.000,300.000,0.620
1637221307.469,0.000,300.000,0.620
1637221607.469,0.000,300.005,0.620
1637221907.474,0.000,300.003,0.620
1637222207.478,0.000,300.001,0.620
1637222507.479,0.000,300.000,0.620
1637222807.479,0.000,300.000,0.620
1637223107.480,0.000,300.010,0.620
1637223407.490,0.000,300.008,0.620
1637223707.498,0.000,300.000,0.620
1637224007.499,0.000,300.009,0.620
1637224307.508,0.000,300.009,0.620
1637224607.516,0.000,300.000,0.620
1637224907.517,0.000,300.000,0.620
1637225207.518,0.000,300.001,0.620
1637225507.519,0.000,300.010,0.620
1637225807.529,0.000,300.000,0.620
1637226107.529,0.000,300.000,0.620
1637226407.530,0.000,300.002,0.620
1637226707.538,0.000,300.011,0.620
1637227007.549,0.000,300.000,0.620
1637227307.549,0.000,300.010,0.620
1637227607.559,0.000,300.009,0.620
1637227907.568,0.000,300.001,0.620
1637228207.569,0.000,300.007,0.620
1637228507.577,0.000,300.000,0.620
1637228807.577,0.000,300.000,0.620
1637229107.578,0.000,300.000,0.620
1637229407.579,0.000,300.000,0.620
1637229707.579,0.000,300.000,0.620
1637230007.580,0.000,300.000,0.620
1637230307.580,0.000,300.005,0.620
1637230607.585,0.000,300.000,0.620
1637230907.586,0.000,300.002,0.620
1637231207.588,0.000,300.010,0.620
1637231507.598,0.000,300.006,0.620
1637231807.604,0.000,300.004,0.620
1637232107.608,0.000,300.001,0.620
1637232407.609,0.000,300.000,0.620
1637232707.609,0.000,300.000,0.620
1637233007.610,0.000,300.000,0.620
1637233307.610,0.000,300.000,0.620
1637233607.611,0.000,300.000,0.620
1637233907.611,0.000,300.000,0.620
1637234207.611,0.000,300.000,0.620
1637234507.612,0.000,300.006,0.620
1637234807.618,0.000,300.005,0.620
1637235107.624,0.000,300.005,0.620
1637235407.629,0.000,300.008,0.620
1637235707.638,0.000,300.001,0.620
1637236007.639,0.000,300.000,0.620
1637236307.639,0.000,300.000,0.620
1637236607.640,0.000,300.008,0.620
1637236907.648,0.000,300.001,0.620
1637237207.649,0.000,300.008,0.620
1637237507.657,0.000,300.000,0.620
1637237807.658,0.000,300.012,0.620
1637238107.669,0.000,300.009,0.620
1637238407.678,0.000,300.001,0.620
1637238707.689,0.000,300.004,0.620
1637239007.693,0.000,300.001,0.620
1637239307.694,0.000,300.000,0.620
1637239607.694,0.000,300.003,0.620
1637239907.698,0.000,300.001,0.620
1637240207.699,0.000,300.010,0.620
1637240507.709,0.000,300.005,0.620
1637240807.714,0.000,300.000,0.620
1637241107.714,0.000,300.004,0.620
1637241407.718,0.000,300.000,0.620
1637241707.719,0.000,300.000,0.620
1637242007.719,0.000,300.010,0.620
1637242307.729,0.000,300.000,0.620
1637242607.730,0.000,300.000,0.620
1637242907.730,0.000,300.000,0.620
1637243207.730,0.000,300.000,0.620
1637243507.731,0.000,300.000,0.620
1637243807.732,0.000,300.000,0.620
1637244107.732,0.000,300.007,0.620
1637244407.739,0.000,300.000,0.620
1637244707.739,0.000,300.000,0.620
1637245007.740,0.000,300.008,0.620
1637245307.748,0.000,300.000,0.620
1637245607.748,0.000,300.001,0.620
1637245907.757,0.000,300.001,0.620
1637246207.758,0.000,300.006,0.620
1637246507.764,0.000,300.000,0.620
1637246807.765,0.000,300.000,0.620
1637247107.765,0.000,300.002,0.620
1637247407.768,0.000,300.011,0.620
1637247707.778,0.000,300.000,0.620
1637248007.788,0.000,300.000,0.620
1637248307.789,0.000,300.000,0.620
1637248607.789,0.000,300.000,0.620
1637248907.799,0.000,300.000,0.620
1637249207.799,0.000,300.000,0.620
1637249507.800,0.000,300.009,0.620
1637249807.808,0.000,300.000,0.620
1637250107.815,0.000,300.000,0.620
1637250407.815,0.000,300.009,0.620
1637250707.824,0.000,300.000,0.620
1637251007.824,0.000,300.000,0.620
1637251307.824,0.000,300.001,0.620
1637251607.826,0.000,300.000,0.620
1637251907.826,0.000,300.000,0.620
1637252207.826,0.000,300.000,0.620
1637252507.826,0.000,300.000,0.620
1637252807.827,0.000,300.007,0.620
1637253107.834,0.000,300.004,0.620
1637253407.838,0.000,300.004,0.620
1637253707.842,0.000,300.000,0.620
1637254007.843,0.000,300.006,0.620
1637254307.849,0.000,300.000,0.620
1637254607.849,0.000,300.000,0.620
1637254907.850,0.000,300.000,0.620
1637255207.850,0.000,300.008,0.620
1637255507.858,0.000,300.001,0.620
1637255807.869,0.000,300.000,0.620
1637256107.869,0.000,300.000,0.620
1637256407.870,0.000,300.008,0.620
1637256707.878,0.000,300.001,0.620
1637257007.879,0.000,300.000,0.620
1637257307.879,0.000,300.004,0.620
1637257607.884,0.000,300.005,0.620
1637257907.889,0.000,300.009,0.620
1637258207.898,0.000,300.001,0.620
1637258507.899,0.000,300.000,0.620
1637258807.900,0.000,300.009,0.620
1637259107.909,0.000,300.009,0.620
1637259407.918,0.000,300.007,0.620
1637259707.926,0.000,300.000,0.620
1637260007.926,0.000,300.002,0.620
1637260307.928,0.000,300.001,0.620
1637260607.930,0.000,300.008,0.620
1637260907.938,0.000,300.001,0.620
1637261207.939,0.000,300.007,0.620
1637261507.946,0.000,300.000,0.620
1637261807.946,0.000,300.000,0.620
1637262107.947,0.000,300.001,0.620
1637262407.948,0.000,300.000,0.620
1637262707.949,0.000,300.009,0.620
1637263007.958,0.000,300.009,0.620
1637263307.967,0.000,300.000,0.620
1637263607.978,0.000,300.000,0.620
1637263907.979,0.000,300.000,0.620
1637264207.985,0.000,300.003,0.620
1637264507.988,0.000,300.011,0.620
1637264807.999,0.000,300.000,0.620
1637265108.000,0.000,300.000,0.620
1637265408.000,0.000,300.000,0.620
1637265708.000,0.000,300.000,0.620
1637266008.001,0.000,300.000,0.620
1637266308.001,0.000,300.000,0.620
1637266608.001,0.000,300.000,0.620
1637266908.002,0.000,300.000,0.620
1637267208.002,0.000,300.000,0.620
1637267508.002,0.000,300.006,0.620
1637267808.008,0.000,300.005,0.620
1637268108.014,0.000,300.000,0.620
1637268408.014,0.000,300.003,0.620
1637268708.017,0.000,300.011,0.620
1637269008.029,0.000,300.000,0.620
1637269308.029,0.000,300.009,0.620
1637269608.038,0.000,300.005,0.620
1637269908.044,0.000,300.000,0.620
1637270208.044,0.000,300.000,0.620
1637270508.044,0.000,300.000,0.620
1637270808.045,0.000,300.002,0.620
1637271108.047,0.000,300.006,0.620
1637271408.053,0.000,300.000,0.620
1637271708.054,0.000,300.000,0.620
1637272008.054,0.000,300.000,0.620
1637272308.054,0.000,300.000,0.620
1637272608.055,0.000,300.000,0.620
1637272908.055,0.000,300.008,0.620
1637273208.064,0.000,300.000,0.620
1637273508.064,0.000,300.000,0.620
1637273808.064,0.000,300.002,0.620
1637274108.066,0.000,300.002,0.620
1637274408.068,0.000,300.000,0.620
1637274708.069,0.000,300.000,0.620
1637275008.069,0.000,300.010,0.620
1637275308.079,0.000,300.000,0.620
1637275608.080,0.000,300.000,0.620
1637275908.080,0.000,300.002,0.620
1637276208.083,0.000,300.000,0.620
1637276508.083,0.000,300.004,0.620
1637276808.087,0.000,300.001,0.620
1637277108.088,0.000,300.001,0.620
1637277408.089,0.000,300.000,0.620
1637277708.089,0.000,300.000,0.620
1637278008.090,0.000,300.000,0.620
1637278308.090,0.000,300.008,0.620
1637278608.098,0.000,300.001,0.620
1637278908.100,0.000,300.000,0.620
1637279208.100,0.000,300.000,0.620
1637279508.101,0.000,300.007,0.620
1637279808.108,0.000,300.000,0.620
1637280108.108,0.000,300.001,0.620
1637280408.109,0.000,300.000,0.620
1637280708.110,0.000,300.000,0.620
1637281008.110,0.000,300.008,0.620
1637281308.118,0.000,300.011,0.620
1637281608.129,0.000,300.009,0.620
1637281908.138,0.000,300.000,0.620
1637282208.139,0.000,300.001,0.620
1637284522.291,0.000,300.005,0.620
1637284822.296,0.174,300.000,0.921
1637285122.297,1.181,300.000,2.668
1637285422.297,0.056,300.000,0.716
1637285722.299,0.000,300.000,0.620
1637286022.299,0.000,300.000,0.620
1637286322.299,0.000,300.000,0.620
1637286622.300,0.000,300.000,0.620
1637286922.300,0.807,300.000,2.019
1637287222.301,0.000,300.000,0.620
1637287522.301,0.000,300.000,0.620
1637287822.302,0.000,300.006,0.620
1637288122.308,0.000,300.001,0.620
1637288422.309,0.000,300.000,0.620
1637288722.310,0.000,300.008,0.620
1637289022.318,0.000,300.000,0.620
1637289322.329,0.000,300.001,0.620
1637289622.330,0.000,300.009,0.620
1637289922.339,0.000,300.004,0.620
1637290222.344,0.000,300.005,0.620
1637290522.348,0.000,300.010,0.620
1637290822.358,0.000,300.000,0.620
1637291122.359,0.000,300.010,0.620
1637291422.369,2.734,300.000,5.359
1637291722.370,0.000,300.000,0.620
1637292679.539,0.000,300.000,0.620
1637292979.539,0.000,300.000,0.620
1637293279.540,0.000,300.009,0.620
1637293579.549,0.000,300.004,0.620
1637293879.554,0.000,300.000,0.620
1637294179.554,0.000,300.000,0.620
1637294479.554,0.000,300.004,0.620
1637294779.558,0.000,300.001,0.620
1637295079.559,0.000,300.000,0.620
1637295379.559,0.000,300.000,0.620
1637295679.560,0.000,300.007,0.620
1637295979.567,0.006,300.002,0.630
1637296279.569,0.000,300.000,0.620
1637296579.570,0.000,300.007,0.620
1637296879.577,0.000,300.002,0.620
1637297179.579,0.000,300.000,0.620
1637297479.580,14.426,300.004,25.616
1637297779.584,8.700,300.000,15.697
1637298079.584,0.000,300.000,0.620
1637298379.584,0.000,300.002,0.620
1637298679.587,8.686,300.000,15.673
1637298979.589,0.000,300.010,0.620
1637299279.599,0.000,300.000,0.620
1637299579.599,0.000,300.010,0.620
1637299879.609,0.020,300.000,0.655
1637300179.610,0.000,300.000,0.620
1637300479.610,0.000,300.000,0.620
1637300779.610,17.210,300.004,30.438
1637301079.616,9.797,300.003,17.597
1637301379.619,23.948,300.009,42.106
1637301679.629,29.784,300.010,52.207
1637301979.639,29.597,300.000,51.885
1637302279.639,30.427,300.010,53.321
1637302579.649,29.675,300.000,52.021
1637302879.649,30.909,300.007,54.156
1637303179.656,32.668,300.004,57.201
1637303479.660,30.514,300.000,53.473
1637303779.661,29.018,300.003,50.883
1637304079.664,30.383,300.000,53.246
1637304379.665,29.868,300.000,52.354
1637304679.665,29.780,300.003,52.202
1637304979.668,30.089,300.000,52.738
1637305279.669,30.829,300.001,54.017
1637305579.670,29.433,300.000,51.601
1637305879.670,29.563,300.000,51.827
1637306179.670,30.006,300.000,52.593
1637306479.671,30.757,300.004,53.892
1637306779.675,29.944,300.003,52.486
1637307079.678,31.517,300.005,55.209
1637307379.683,29.734,300.000,52.123
1637307679.684,30.480,300.000,53.413
1637307979.684,28.813,300.000,50.529
1637308279.685,30.596,300.002,53.614
1637308579.687,29.073,300.000,50.978
1637308879.687,29.189,300.000,51.179
1637309179.688,28.694,300.001,50.323
1637309479.689,29.476,300.010,51.675
1637309779.699,29.176,300.000,51.158
1637310079.699,29.626,300.009,51.934
1637310379.709,28.645,300.009,50.236
1637310679.718,29.663,300.090,51.985
1637310979.809,28.789,300.000,50.486
1637311279.809,30.618,300.000,53.652
1637311579.809,29.159,300.004,51.127
1637311879.814,29.167,300.008,51.139
1637312179.822,28.842,300.000,50.578
1637312479.823,29.873,300.010,52.362
1637312779.833,29.227,300.014,51.243
1637313079.848,29.632,300.009,51.945
1637313379.857,28.677,300.001,50.293
1637313679.858,30.071,300.001,52.705
1637313979.859,28.382,300.004,49.782
1637314279.863,29.778,300.006,52.198
1637314579.869,28.400,300.003,49.814
1637314879.873,30.108,300.004,52.769
1637315179.877,28.590,300.002,50.142
1637315479.879,30.484,300.000,53.421
1637315779.880,29.328,300.000,51.420
1637316079.880,29.636,300.000,51.954
1637316379.881,29.712,300.000,52.085
1637316679.881,30.012,300.007,52.602
1637316979.888,28.387,300.000,49.791
1637317279.889,29.815,300.010,52.262
1637317579.899,29.192,300.004,51.184
1637317879.904,29.880,300.000,52.375
1637318179.904,29.674,300.004,52.018
1637318479.908,30.349,300.008,53.186
1637318779.916,29.804,300.000,52.243
1637319079.917,30.262,300.000,53.037
1637319379.917,29.661,300.002,51.996
1637319679.919,30.920,300.000,54.175
1637319979.920,30.094,300.000,52.745
1637320279.920,31.069,300.000,54.434
1637320579.920,29.748,300.000,52.147
1637320879.921,31.238,300.007,54.724
1637321179.928,30.493,300.010,53.434
1637321479.938,30.134,300.000,52.815
1637321779.939,30.031,300.000,52.636
1637322079.939,31.407,300.000,55.018
1637322379.939,30.402,300.009,53.278
1637322679.948,31.682,300.120,55.472
1637322980.068,31.625,300.001,55.395
1637323280.070,32.995,300.000,57.766
1637323580.070,31.765,300.000,55.637
1637323880.070,32.355,300.000,56.660
1637324180.071,33.346,300.055,58.364
1637324480.126,33.634,300.006,58.871
1637324780.133,33.271,300.005,58.243
1637325080.138,37.266,300.001,65.157
1637325380.139,34.970,300.000,61.185
1637325680.140,37.210,300.001,65.060
1637325980.149,35.683,300.000,62.418
1637326280.149,35.962,300.010,62.899
1637326580.159,34.563,300.000,60.480
1637326880.160,31.521,300.008,55.214
1637327180.168,33.569,300.001,58.760
1637327480.169,32.753,300.000,57.347
1637327780.170,33.834,300.005,59.218
1637328080.175,37.247,300.000,65.126
1637328380.175,35.813,300.000,62.644
1637328680.175,36.645,300.000,64.083
1637328980.176,37.232,300.001,65.099
1637329280.177,34.323,300.001,60.064
1637329580.189,36.175,300.009,63.268
1637329880.198,36.367,300.001,63.602
1637330180.199,37.609,300.009,65.750
1637330480.208,39.829,300.110,69.568
1637330780.318,34.504,300.000,60.378
1637331080.329,35.087,300.000,61.387
1637331380.329,35.956,300.007,62.890
1637331680.336,34.763,300.002,60.827
1637331980.338,33.317,300.000,58.325
1637332280.349,35.004,300.000,61.244
1637332580.349,32.608,300.000,57.097
1637332880.350,34.170,300.000,59.800
1637333180.350,32.222,300.008,56.428
1637333480.359,33.317,300.007,58.324
1637333780.367,32.764,300.001,57.367
1637334080.368,34.305,300.001,60.034
1637334380.369,31.637,300.000,55.416
1637334680.369,33.209,300.007,58.136
1637334980.377,34.797,300.002,60.886
1637335280.379,33.352,300.010,58.382
1637335580.389,33.431,300.000,58.521
1637335880.390,34.296,300.000,60.019
1637336180.390,34.597,300.006,60.537
1637336480.396,33.084,300.000,57.920
1637336780.398,33.962,300.000,59.440
1637337080.399,34.261,300.010,59.956
1637337380.409,32.925,300.000,57.645
1637337680.410,33.676,300.004,58.945
1637337980.414,32.789,300.000,57.410
1637338280.414,33.409,300.001,58.483
1637338580.415,32.070,300.002,56.166
1637338880.418,34.600,300.000,60.544
1637339180.418,31.732,300.000,55.580
1637339480.419,33.216,300.000,58.150
1637339780.419,32.986,300.002,57.752
1637340080.422,35.194,300.000,61.572
1637340380.422,33.241,300.005,58.192
1637340680.541,35.869,300.000,62.740
1637340980.541,33.479,300.007,58.603
1637341280.548,35.987,300.001,62.944
1637341580.549,33.093,300.004,57.935
1637341880.553,35.600,300.000,62.275
1637342180.554,34.695,300.000,60.710
1637342480.554,35.091,300.030,61.388
1637342780.584,33.957,300.005,59.431
1637343080.589,31.855,300.003,55.794
1637343380.592,32.597,300.030,57.073
1637343680.622,34.274,300.000,59.980
1637343980.623,32.878,300.003,57.563
1637344280.626,34.077,300.000,59.639
1637344580.627,33.716,300.000,59.015
1637344880.627,34.170,300.000,59.800
1637345180.639,33.780,300.010,59.123
1637345480.649,33.827,300.010,59.205
1637345780.659,32.610,300.007,57.099
1637346080.667,34.197,300.123,59.822
1637346380.790,32.296,300.000,56.557
1637346680.790,33.562,300.000,58.747
1637346980.791,33.406,300.008,58.477
1637347280.799,32.917,300.000,57.632
1637347580.800,31.250,300.000,54.747
1637347880.800,34.220,300.008,59.886
1637348180.808,33.694,300.000,58.977
1637348480.814,36.190,300.000,63.296
1637348780.815,34.886,300.003,61.039
1637349080.818,37.592,300.000,65.722
1637349380.827,37.632,300.000,65.792
1637349680.838,37.116,300.002,64.898
1637349980.840,35.410,300.008,61.945
1637350280.848,37.380,300.000,65.356
1637350580.848,37.806,300.000,66.093
1637350880.857,37.031,300.007,64.750
1637351180.863,34.899,300.000,61.061
1637351480.864,33.426,300.000,58.513
1637351780.864,32.285,300.005,56.537
1637352080.870,34.541,300.008,60.441
1637352380.878,35.709,300.000,62.464
1637352680.878,34.553,300.006,60.462
1637352980.884,34.654,300.000,60.637
1637353280.885,34.064,300.010,59.615
1637353580.895,33.394,300.003,58.457
1637353880.898,34.544,300.011,60.446
1637354181.027,32.622,300.002,57.121
1637354481.029,35.066,300.009,61.349
1637354781.038,33.682,300.000,58.956
1637355081.048,34.426,300.009,60.241
1637355381.058,32.430,300.011,56.786
1637355681.069,32.466,300.000,56.851
1637355981.070,31.816,300.000,55.727
1637356281.070,33.178,300.000,58.083
1637356581.070,31.984,300.000,56.018
1637356881.071,33.265,300.008,58.232
1637357181.079,32.555,300.009,57.003
1637357481.088,33.672,300.001,58.938
1637357781.089,32.047,300.008,56.124
1637358081.097,33.760,300.000,59.091
1637358381.108,32.452,300.007,56.827
1637358681.115,34.458,300.003,60.298
1637358981.118,33.515,300.000,58.668
1637359281.119,32.770,300.000,57.378
1637359581.119,32.130,300.012,56.268
1637359881.132,34.133,300.002,59.735
1637360181.134,33.869,300.000,59.280
1637360481.135,32.647,300.004,57.164
1637360781.139,33.181,300.000,58.088
1637361081.140,31.954,300.005,55.964
1637361381.144,31.294,300.004,54.822
1637361681.148,33.877,300.110,59.272
1637361981.258,31.828,300.001,55.746
1637362281.259,32.600,300.000,57.082
1637362581.260,32.691,300.000,57.240
1637362881.260,32.794,300.003,57.419
1637363181.263,32.379,300.000,56.700
1637363481.263,34.713,300.000,60.740
1637363781.264,33.376,300.003,58.426
1637364081.267,33.662,300.002,58.920
1637364381.279,32.565,300.000,57.022
1637364681.279,31.217,300.010,54.687
1637364981.289,30.598,300.000,53.618
1637365281.290,30.969,300.006,54.259
1637365581.296,30.188,300.000,52.908
1637365881.297,31.062,300.000,54.421
1637366181.297,30.600,300.000,53.621
1637366481.297,31.204,300.000,54.667
1637366781.308,30.869,300.001,54.088
1637367081.319,31.543,300.007,55.252
1637367381.326,28.835,300.000,50.567
1637367681.327,30.777,300.000,53.929
1637367981.327,30.029,300.000,52.633
1637368281.328,30.032,300.002,52.638
1637368581.339,29.662,300.004,51.998
1637368881.344,30.520,300.005,53.483
1637369181.349,29.330,300.008,51.422
1637369481.357,30.240,300.002,52.998
1637369781.360,29.051,300.000,50.941
1637370081.360,30.431,300.000,53.330
1637370381.360,28.757,300.009,50.429
1637370681.369,31.273,300.005,54.786
1637370981.374,28.803,300.000,50.511
1637371281.375,30.607,300.000,53.633
1637371581.375,28.862,300.000,50.613
1637371881.375,29.661,300.000,51.995
1637372181.375,29.322,300.000,51.409
1637372481.376,29.359,300.000,51.474
1637372781.376,29.555,300.000,51.814
1637373081.376,29.917,300.000,52.440
1637373381.377,29.534,300.000,51.777
1637373681.377,29.842,300.000,52.309
1637373981.378,28.939,300.000,50.747
1637374281.378,29.853,300.007,52.327
1637374581.386,28.522,300.000,50.024
1637374881.386,30.380,300.000,53.242
1637375181.386,28.246,300.009,49.546
1637375481.395,29.746,300.000,52.144
1637375781.396,28.613,300.101,50.165
1637376081.497,30.089,300.002,52.737
1637376381.499,29.105,300.009,51.032
1637376681.508,30.156,300.000,52.853
1637376981.519,30.063,300.000,52.692
1637377281.519,29.797,300.000,52.232
1637377581.520,29.354,300.008,51.463
1637377881.528,29.707,300.010,52.075
1637378181.556,29.167,300.001,51.141
1637378481.557,30.695,300.001,53.785
1637378781.558,28.371,300.001,49.764
1637379081.559,30.773,300.000,53.921
1637379381.560,29.081,300.006,50.991
1637379681.566,29.731,300.002,52.117
1637379981.568,29.068,300.003,50.969
1637380281.571,30.287,300.000,53.080
1637380581.572,29.166,300.005,51.139
1637380881.577,29.735,300.000,52.125
1637381181.577,29.555,300.000,51.812
1637381481.578,30.080,300.001,52.721
1637381781.579,28.541,300.000,50.058
1637382081.579,30.266,300.009,53.043
1637382381.588,29.705,300.009,52.071
1637382681.599,30.694,300.000,53.784
1637382981.599,29.401,300.000,51.546
1637383281.599,30.302,300.000,53.106
1637383581.600,29.728,300.004,52.111
1637383881.604,30.675,300.004,53.750
1637384181.608,31.456,300.010,55.101
1637384481.618,30.798,300.001,53.964
1637384781.619,29.733,300.000,52.120
1637385081.619,30.521,300.010,53.484
1637385381.629,29.877,300.009,52.368
1637385681.638,31.327,300.000,54.880
1637385981.817,30.907,300.000,54.153
1637386281.817,33.105,300.000,57.956
1637386581.817,30.932,300.001,54.196
1637386881.824,32.473,300.003,56.863
1637387181.828,30.933,300.000,54.199
1637387481.829,31.578,300.000,55.314
1637387781.829,31.124,300.009,54.528
1637388081.838,32.633,300.001,57.141
1637388381.849,31.164,300.000,54.598
1637388681.850,30.851,300.000,54.056
1637388981.850,30.011,300.000,52.602
1637389281.850,31.021,300.001,54.350
1637389581.852,29.643,300.000,51.966
1637389881.852,30.158,300.000,52.856
1637390181.852,29.922,300.000,52.449
1637390481.859,31.717,300.006,55.555
1637390781.866,28.601,300.001,50.161
1637391081.867,30.157,300.000,52.854
1637391381.868,29.018,300.117,50.863
1637391681.985,29.298,300.004,51.367
1637391981.989,28.697,300.000,50.328
1637392281.990,29.461,300.000,51.650
1637392581.990,29.248,300.000,51.282
1637392881.990,29.983,300.009,52.552
1637393181.999,29.156,300.000,51.123
1637393482.000,29.897,300.014,52.402
1637393782.014,28.555,300.000,50.081
1637394082.014,30.073,300.004,52.710
1637394382.018,29.547,300.001,51.798
1637394682.019,29.896,300.000,52.404
1637394982.020,28.819,300.007,50.538
1637395282.027,29.720,300.000,52.098
1637395582.027,29.127,300.000,51.072
1637395882.028,29.220,300.001,51.232
1637396182.029,28.719,300.000,50.365
1637396482.029,29.823,300.004,52.276
1637396782.034,29.414,300.004,51.569
1637397082.038,29.689,300.000,52.045
1637397382.049,29.100,300.008,51.024
1637397682.057,30.296,300.001,53.096
1637397982.058,28.930,300.001,50.731
1637398282.059,30.295,300.000,53.094
1637398582.059,29.470,300.000,51.666
1637398882.060,30.127,300.007,52.803
1637399182.066,28.893,300.001,50.667
1637399482.067,30.191,300.001,52.913
1637399782.069,29.048,300.000,50.936
1637400082.069,29.337,300.000,51.436
1637400382.070,28.638,300.009,50.224
1637400682.078,30.372,300.000,53.227
1637400982.089,29.218,300.009,51.227
1637401282.098,30.024,300.000,52.624
1637401582.098,29.029,300.000,50.902
1637401882.099,29.423,300.000,51.584
1637402182.099,28.955,300.005,50.774
1637402482.105,29.701,300.003,52.065
1637402782.108,28.706,300.008,50.343
1637403082.116,30.040,300.002,52.652
1637403382.118,28.627,300.105,50.189
1637403682.223,30.068,300.006,52.699
1637403982.229,28.877,300.000,50.639
1637404282.230,29.734,300.000,52.122
1637404582.230,29.056,300.000,50.949
1637404882.230,29.694,300.007,52.053
1637405182.237,29.066,300.001,50.967
1637405482.238,29.774,300.000,52.192
1637405782.239,29.407,300.001,51.556
1637406082.240,29.665,300.008,52.003
1637406382.248,28.688,300.001,50.312
1637406682.249,29.695,300.000,52.056
1637406982.250,28.612,300.000,50.180
1637407282.250,31.618,300.000,55.383
1637407582.250,29.473,300.000,51.671
1637407882.251,29.648,300.009,51.973
1637408182.260,28.894,300.008,50.667
1637408482.268,29.549,300.001,51.802
1637408782.269,29.575,300.000,51.848
1637409082.269,30.308,300.000,53.117
1637409382.269,30.281,300.000,53.069
1637409682.270,30.840,300.000,54.037
1637409982.270,29.028,300.004,50.900
1637410282.274,30.685,300.000,53.768
1637410582.275,30.075,300.004,52.712
1637410882.279,31.182,300.009,54.627
1637411182.288,29.886,300.000,52.386
1637411482.300,32.151,300.000,56.306
1637411782.300,29.705,300.003,52.072
1637412082.304,30.570,300.006,53.568
1637412382.310,31.633,300.009,55.407
1637412682.319,34.077,300.006,59.638
1637412982.324,34.792,300.004,60.876
1637413282.328,35.508,300.003,62.115
1637413582.332,35.431,300.006,61.981
1637413882.338,36.490,300.005,63.814
1637414182.343,35.089,300.012,61.388
1637414482.356,37.956,300.001,66.352
1637414782.357,35.653,300.002,62.366
1637415082.359,36.884,300.000,64.497
1637415382.359,35.682,300.120,62.393
1637415682.479,35.991,300.010,62.950
1637415982.489,35.618,300.004,62.305
1637416282.493,35.831,300.006,62.674
1637416582.499,35.533,300.000,62.159
1637416882.500,35.332,300.005,61.811
1637417182.505,35.509,300.000,62.118
1637417482.505,34.872,300.013,61.013
1637417782.518,32.534,300.001,56.969
1637418082.529,32.520,300.000,56.944
1637418382.529,30.198,300.000,52.925
1637418682.530,29.789,300.000,52.218
1637418982.530,28.695,300.004,50.323
1637419282.535,31.210,300.003,54.677
1637419582.538,29.874,300.000,52.364
1637419882.539,30.992,300.000,54.301
1637420182.539,30.599,300.000,53.620
1637420482.540,31.871,300.000,55.822
1637420782.540,31.398,300.008,55.002
1637421082.548,33.352,300.001,58.385
1637421382.549,30.338,300.006,53.167
1637421682.555,31.358,300.003,54.933
1637421982.558,30.338,300.007,53.166
1637422282.565,34.770,300.000,60.839
1637422582.566,35.378,300.003,61.890
1637422882.569,37.294,300.000,65.206
1637423182.569,37.184,300.004,65.016
1637423482.574,38.383,300.000,67.090
1637423782.574,38.973,300.000,68.111
1637424082.574,38.756,300.014,67.732
1637424382.589,38.362,300.009,67.052
1637424682.598,38.253,300.011,66.863
1637424982.609,37.147,300.000,64.952
1637425282.610,38.457,300.128,67.190
1637425582.738,37.925,300.001,66.299
1637425882.746,38.318,300.001,66.978
1637426182.748,37.226,300.001,65.089
1637426482.749,39.013,300.000,68.181
1637426782.750,36.920,300.009,64.557
1637427082.759,37.744,300.000,65.985
1637427382.760,38.596,300.004,67.458
1637427682.764,37.990,300.000,66.410
1637427982.764,37.330,300.002,65.268
1637428282.767,37.816,300.000,66.110
1637428582.767,37.737,300.000,65.973
1637428882.778,37.714,300.011,65.930
1637429182.789,37.499,300.000,65.562
1637429482.789,38.092,300.000,66.587
1637429782.790,37.277,300.009,65.176
1637430082.799,39.597,300.009,69.189
1637430382.808,37.783,300.000,66.053
1637430682.809,38.945,300.009,68.061
1637430982.818,38.237,300.148,66.806
1637431282.966,39.227,300.000,68.551
1637431582.966,37.539,300.001,65.630
1637431882.968,37.813,300.001,66.105
1637432182.969,36.793,300.000,64.340
1637432482.970,37.554,300.000,65.656
1637432782.970,37.781,300.000,66.049
1637433082.970,37.574,300.001,65.690
1637433382.971,37.874,300.000,66.210
1637433682.971,39.287,300.000,68.655
1637433982.972,39.454,300.007,68.943
1637434282.979,39.062,300.000,68.265
1637434582.980,38.616,300.000,67.494
1637434882.980,39.534,300.008,69.080
1637435182.988,37.387,300.005,65.367
1637435482.993,38.411,300.000,67.140
1637435782.993,37.802,300.000,66.085
1637436082.993,38.672,300.003,67.591
1637436382.996,37.350,300.001,65.303
1637436682.998,39.277,300.001,68.637
1637436982.999,38.854,300.009,67.904
1637437283.009,39.645,300.007,69.272
1637437583.015,38.723,300.000,67.679
1637437883.016,38.973,300.000,68.112
1637438183.016,38.600,300.000,67.466
1637438483.016,39.721,300.002,69.405
1637438783.018,38.454,300.001,67.213
1637439083.019,39.394,300.010,68.838
1637439383.029,38.717,300.007,67.666
1637439683.040,39.088,300.007,68.309
1637439983.047,38.422,300.001,67.158
1637440283.048,38.271,300.001,66.897
1637440583.049,36.647,300.010,64.085
1637440883.059,32.372,300.000,56.689
1637441183.189,30.906,300.010,54.149
1637441483.199,33.171,300.000,58.072
1637441783.200,31.015,300.004,54.339
1637442083.204,32.217,300.004,56.420
1637442383.210,31.444,300.005,55.081
1637442683.215,33.343,300.003,58.368
1637442983.218,31.587,300.017,55.327
1637443283.235,32.804,300.011,57.435
1637443583.246,31.363,300.001,54.942
1637443883.248,31.217,300.001,54.689
1637444183.249,30.616,300.009,53.648
1637444483.258,31.972,300.009,55.994
1637444783.267,31.186,300.001,54.635
1637445083.268,31.740,300.000,55.595
1637445383.268,30.178,300.001,52.891
1637445683.269,31.395,300.000,54.998
1637445983.269,30.396,300.000,53.268
1637446283.270,31.536,300.006,55.241
1637446583.276,29.749,300.000,52.149
1637446883.276,31.117,300.000,54.517
1637447183.276,29.486,300.001,51.693
1637447483.278,31.004,300.001,54.322
1637447783.279,29.776,300.000,52.196
1637448083.279,30.789,300.004,53.948
1637448383.283,30.203,300.000,52.935
1637448683.283,30.723,300.000,53.834
1637448983.284,29.993,300.000,52.570
1637449283.284,31.320,300.005,54.867
1637449583.289,30.032,300.000,52.638
1637449883.289,30.283,300.000,53.073
1637450183.290,28.765,300.000,50.445
1637450483.290,30.234,300.000,52.989
1637450783.290,30.246,300.001,53.008
1637451083.291,33.625,300.000,58.858
1637451383.292,33.437,300.000,58.531
1637451683.292,34.900,300.004,61.063
1637451983.297,33.291,300.000,58.280
1637452283.297,33.793,300.000,59.147
1637452583.306,32.484,300.000,56.883
1637452883.307,33.768,300.126,59.081
1637453183.432,33.137,300.002,58.013
1637453483.435,34.462,300.000,60.305
1637453783.435,33.976,300.010,59.462
1637454083.445,34.130,300.000,59.730
1637454383.446,31.932,300.001,55.927
1637454683.447,34.011,300.000,59.525
1637454983.448,32.032,300.009,56.098
1637455283.457,34.145,300.000,59.757
1637455583.458,32.081,300.007,56.183
1637455883.465,33.558,300.001,58.741
1637456183.467,33.243,300.001,58.196
1637456483.468,34.803,300.000,60.895
1637456783.479,34.303,300.000,60.030
1637457083.479,35.424,300.004,61.970
1637457383.484,35.084,300.000,61.382
1637457683.484,35.747,300.002,62.528
1637457983.487,35.344,300.000,61.832
1637458283.487,34.767,300.001,60.833
1637458583.488,33.300,300.001,58.294
1637458883.489,34.935,300.000,61.124
1637459183.490,34.172,300.005,59.803
1637459483.495,34.722,300.000,60.755
1637459783.495,35.183,300.000,61.554
1637460083.496,34.611,300.001,60.563
1637460383.497,33.142,300.008,58.020
1637460683.505,33.434,300.004,58.527
1637460983.510,33.336,300.008,58.355
1637461283.518,35.039,300.010,61.302
1637461583.528,33.547,300.000,58.721
1637461883.529,35.329,300.001,61.805
1637462183.530,33.682,300.000,58.957
1637462483.530,34.091,300.000,59.664
1637462783.530,34.053,300.001,59.597
1637463083.532,34.679,300.000,60.681
1637463383.532,33.373,300.000,58.421
1637463683.533,33.935,300.003,59.393
1637463983.536,32.108,300.002,56.232
1637464283.538,33.647,300.011,58.892
1637464583.549,32.355,300.009,56.658
1637464883.558,34.643,300.110,60.598
1637465183.669,33.384,300.001,58.440
1637465483.669,33.195,300.008,58.111
1637465783.678,33.971,300.001,59.455
1637466083.709,34.183,300.000,59.822
1637466383.709,33.145,300.017,58.024
1637466683.726,33.640,300.000,58.884
1637466983.731,34.108,300.017,59.690
1637467283.748,33.989,300.001,59.486
1637467583.749,33.566,300.006,58.754
1637467883.755,34.154,300.008,59.770
1637468183.764,33.302,300.000,58.298
1637468483.764,33.709,300.000,59.003
1637468783.764,32.773,300.015,57.379
1637469083.780,33.727,300.000,59.034
1637469383.780,32.932,300.006,57.656
1637469683.786,34.879,300.002,61.026
1637469983.788,34.472,300.011,60.321
1637470283.799,35.202,300.009,61.585
1637470583.808,35.028,300.000,61.284
1637470883.809,34.184,300.009,59.822
1637471183.818,33.109,300.009,57.962
1637471483.827,33.976,300.000,59.464
1637471783.836,32.362,300.000,56.672
1637472083.836,33.548,300.003,58.723
1637472383.840,34.681,300.018,60.682
1637472683.858,33.719,300.054,59.009
1637472983.913,32.630,300.000,57.136
1637473283.913,32.625,300.000,57.126
1637473583.913,32.857,300.000,57.527
1637473883.913,33.736,300.005,59.048
1637474183.919,32.024,300.014,56.084
1637474483.934,32.701,300.003,57.257
1637474783.937,31.893,300.000,55.859
1637475083.941,33.124,300.000,57.990
1637475383.941,32.587,300.000,57.061
1637475683.942,32.490,300.007,56.892
1637475983.949,32.863,300.000,57.539
1637476283.950,33.377,300.007,58.426
1637476583.957,33.559,300.001,58.742
1637476883.958,33.598,300.000,58.811
1637477183.958,32.247,300.010,56.471
1637477483.979,33.149,300.009,58.032
1637477783.988,32.695,300.006,57.246
1637478083.994,32.424,300.000,56.779
1637478383.994,32.673,300.005,57.208
1637478684.001,33.348,300.000,58.378
1637478984.001,32.474,300.007,56.863
1637479284.029,33.948,300.010,59.413
1637479584.039,32.912,300.004,57.622
1637479884.043,34.690,300.001,60.700
1637480184.045,31.837,300.003,55.762
1637480484.063,33.670,300.075,58.921
1637480784.138,32.809,300.014,57.442
1637481084.170,34.091,300.008,59.661
1637481384.178,34.504,300.006,60.378
1637481684.184,34.221,300.000,59.888
1637481984.184,32.482,300.000,56.879
1637482284.184,32.966,300.000,57.717
1637482584.185,32.935,300.007,57.661
1637482884.192,33.299,300.007,58.292
1637483184.199,31.620,300.003,55.386
1637483484.239,33.982,300.008,59.474
1637483784.248,32.650,300.000,57.170
1637484084.248,32.943,300.003,57.676
1637484384.251,31.790,300.019,55.678
1637484684.271,33.767,300.000,59.102
1637484984.271,32.561,300.006,57.014
1637485284.287,33.728,300.001,59.036
1637485584.288,33.374,300.001,58.423
1637485884.289,33.426,300.009,58.511
1637486184.298,32.483,300.010,56.880
1637486484.322,33.716,300.001,59.015
1637486784.323,32.835,300.015,57.486
1637487084.338,32.430,300.001,56.788
1637487384.339,32.454,300.007,56.829
1637487684.347,33.945,300.002,59.411
1637487984.349,32.087,300.009,56.194
1637488284.365,34.012,300.020,59.524
1637488584.385,32.979,300.014,57.737
1637488884.459,32.647,300.007,57.164
1637489184.466,31.978,300.059,55.995
1637489484.526,32.896,300.000,57.596
1637489784.526,32.190,300.000,56.374
1637490084.526,33.037,300.000,57.839
1637490384.526,33.166,300.002,58.063
1637490684.531,33.259,300.000,58.223
1637490984.531,35.578,300.000,62.237
1637491284.531,33.380,300.008,58.431
1637491584.539,32.810,300.019,57.442
1637491884.558,33.869,300.080,59.263
1637492184.639,32.758,300.020,57.353
1637492484.659,33.442,300.009,58.538
1637492784.668,32.312,300.001,56.584
1637493084.669,33.673,300.010,58.938
1637493384.680,32.603,300.005,57.088
1637493684.699,33.466,300.009,58.579
1637493984.708,32.291,300.000,56.548
1637494284.709,33.070,300.000,57.896
1637494584.709,31.906,300.009,55.880
1637494884.718,33.758,300.004,59.087
1637495184.724,32.249,300.004,56.474
1637495484.728,33.591,300.007,58.797
1637495784.735,33.218,300.000,58.153
1637496084.736,34.684,300.002,60.689
1637496384.738,33.696,300.001,58.980
1637496684.739,34.883,300.004,61.034
1637496984.743,33.135,300.000,58.009
1637497284.744,34.042,300.004,59.577
1637497584.748,33.147,300.010,58.027
1637497884.758,34.969,300.005,61.182
1637498184.764,33.310,300.004,58.311
1637498484.768,34.088,300.001,59.659
1637498784.770,35.053,300.008,61.327
1637499084.778,35.217,300.000,61.612
1637499384.779,35.350,300.004,61.842
1637499684.783,35.972,300.074,62.903
1637499984.857,33.802,300.002,59.162
1637500284.859,35.134,300.000,61.468
1637500584.859,36.816,300.020,64.376
1637500884.879,34.811,300.008,60.908
1637501184.888,39.522,300.001,69.061
1637501484.889,39.916,300.009,69.741
1637501784.898,40.682,300.000,71.068
1637502084.898,40.277,300.001,70.368
1637502384.899,39.490,300.000,69.006
1637502684.900,39.040,300.011,68.226
1637502984.910,40.124,300.007,70.101
1637503284.928,40.350,300.000,70.494
1637503584.929,38.808,300.004,67.826
1637503884.933,40.522,300.003,70.790
1637504184.937,39.659,300.000,69.298
1637504484.939,39.615,300.009,69.220
1637504784.948,38.676,300.027,67.592
1637505084.975,39.448,300.003,68.933
1637505384.978,38.741,300.000,67.710
1637505684.979,39.699,300.000,69.368
1637505984.979,39.353,300.003,68.768
1637506284.982,39.483,300.000,68.994
1637506584.982,38.706,300.016,67.646
1637506884.998,39.740,300.001,69.438
1637507184.999,38.315,300.004,66.973
1637507485.008,38.961,300.119,68.065
1637507785.127,34.416,300.000,60.225
1637508085.144,35.414,300.000,61.953
1637508385.144,33.367,300.005,58.410
1637508685.149,34.870,300.000,61.011
1637508985.150,33.354,300.004,58.387
1637509285.154,34.120,300.000,59.714
1637509585.155,33.025,300.008,57.818
1637509885.163,33.860,300.003,59.263
1637510185.167,34.114,300.000,59.703
1637510485.168,34.438,300.002,60.263
1637510785.169,34.280,300.002,59.991
1637511085.190,35.573,300.009,62.227
1637511385.199,34.704,300.013,60.722
1637511685.212,34.352,300.000,60.115
1637511985.213,34.137,300.011,59.741
1637512285.224,34.697,300.000,60.713
1637512585.224,34.689,300.005,60.698
1637512885.229,35.281,300.012,61.721
1637513185.243,34.130,300.162,59.699
1637513485.405,35.565,300.000,62.214
1637513785.405,35.043,300.001,61.311
1637514085.466,35.173,300.003,61.536
1637514385.469,35.006,300.002,61.246
1637514685.538,34.964,300.054,61.164
1637514985.592,34.493,300.017,60.355
1637515285.609,36.022,300.009,63.003
1637515585.618,36.037,300.010,63.030
1637515885.629,34.947,300.000,61.145
1637516185.630,33.615,300.020,58.836
1637516485.651,34.045,300.000,59.583
1637516785.651,33.954,300.017,59.423
1637517085.669,34.161,300.000,59.785
1637517385.669,34.380,300.000,60.164
1637517685.670,35.004,300.000,61.244
1637517985.670,33.714,300.018,59.008
1637518285.688,34.428,300.010,60.245
1637518585.698,34.710,300.000,60.734
1637518885.699,34.195,300.024,59.839
1637519185.723,33.341,300.000,58.365
1637519485.723,34.486,300.000,60.347
1637519785.724,34.494,300.010,60.358
1637520085.734,37.245,300.004,65.120
1637520385.738,34.374,300.084,60.137
1637520685.822,34.531,300.000,60.426
1637520985.822,34.575,300.000,60.501
1637521285.823,42.329,300.007,73.916
1637521585.830,37.946,300.019,66.331
1637521885.849,36.141,300.020,63.208
1637522185.869,43.764,300.014,76.396
1637522485.883,40.330,300.005,70.458
1637522785.888,41.250,300.016,72.048
1637523085.905,39.940,300.000,69.784
1637523385.905,40.446,300.000,70.659
1637523685.905,40.291,300.000,70.392
1637523985.906,39.856,300.001,69.639
1637524285.907,38.346,300.000,67.027
1637524585.907,34.642,300.000,60.617
1637524885.914,36.087,300.000,63.117
1637525185.914,34.229,300.000,59.903
1637525485.915,34.140,300.004,59.747
1637525785.919,33.547,300.006,58.721
1637526085.926,34.560,300.000,60.475
1637526385.927,33.927,300.000,59.379
1637526685.927,32.951,300.000,57.691
1637526985.927,33.639,300.002,58.881
1637527285.929,33.583,300.009,58.783
1637527585.938,33.585,300.009,58.787
1637527885.947,34.184,300.001,59.824
1637528185.948,32.662,300.009,57.189
1637528486.049,33.223,300.000,58.161
1637528786.059,33.843,300.009,59.232
1637529086.078,33.040,300.001,57.845
1637529386.089,32.809,300.004,57.445
1637529686.093,33.875,300.000,59.290
1637529986.094,33.593,300.014,58.799
1637530286.109,33.380,300.027,58.428
1637530586.136,33.208,300.000,58.136
1637530886.136,34.181,300.003,59.819
1637531186.140,33.060,300.000,57.879
1637531486.140,32.998,300.000,57.773
1637531786.140,32.777,300.014,57.387
1637532086.154,34.020,300.000,59.540
1637532386.154,32.753,300.009,57.346
1637532686.164,33.584,300.010,58.785
1637532986.174,33.226,300.000,58.167
1637533286.174,33.598,300.004,58.810
1637533586.179,33.046,300.006,57.854
1637533886.186,33.243,300.000,58.196
1637534186.186,32.966,300.003,57.715
1637534486.189,33.694,300.009,58.975
1637534786.198,33.098,300.000,57.946
1637535086.199,33.679,300.000,58.950
1637535386.199,33.159,300.014,58.047
1637535686.213,33.484,300.000,58.614
1637535986.214,33.532,300.128,58.672
1637536286.342,34.022,300.001,59.544
1637536586.343,32.314,300.004,56.587
1637536886.348,33.839,300.001,59.228
1637537186.349,32.403,300.014,56.739
1637537486.363,30.525,300.000,53.493
1637537786.364,29.153,300.005,51.117
1637538086.368,29.622,300.010,51.928
1637538386.378,29.320,300.011,51.404
1637538686.389,29.506,300.000,51.727
1637538986.389,29.560,300.013,51.819
1637539286.409,30.196,300.000,52.922
1637539586.410,29.994,300.014,52.570
1637539886.565,30.265,300.004,53.042
1637540186.569,29.870,300.004,52.358
1637540486.578,31.297,300.001,54.829
1637540786.579,30.921,300.008,54.176
1637541086.603,30.609,300.006,53.636
1637541386.609,29.387,300.008,51.521
1637541686.618,30.752,300.010,53.882
1637541986.628,30.735,300.011,53.854
1637542286.640,31.434,300.006,55.064
1637542586.646,30.697,300.002,53.788
1637542886.669,30.663,300.009,53.730
1637543186.678,29.146,300.080,51.092
1637543486.758,29.968,300.000,52.528
1637543786.769,29.373,300.009,51.497
1637544086.778,30.177,300.001,52.889
1637544386.789,28.753,300.005,50.423
1637544686.794,30.029,300.005,52.632
1637544986.799,29.275,300.000,51.328
1637545286.800,30.209,300.000,52.944
1637545586.800,29.662,300.004,51.997
1637545886.804,30.128,300.000,52.805
1637546186.805,29.932,300.001,52.465
1637546486.809,30.321,300.000,53.138
1637546786.810,29.964,300.009,52.519
1637547086.819,29.630,300.000,51.942
1637547386.819,29.523,300.001,51.757
1637547686.893,30.012,300.006,52.602
1637547986.899,29.511,300.046,51.729
1637548286.945,31.480,300.000,55.144
1637548586.945,29.298,300.002,51.369
1637548886.947,30.246,300.076,52.996
1637549187.023,29.140,300.000,51.095
1637549487.023,29.645,300.000,51.969
1637549787.024,29.247,300.005,51.280
1637550087.029,29.755,300.000,52.159
1637550387.029,29.177,300.004,51.157
1637550687.033,30.128,300.000,52.805
1637550987.034,29.536,300.015,51.777
1637551287.080,30.372,300.000,53.226
1637551587.080,29.226,300.008,51.243
1637551887.088,29.663,300.001,52.000
1637552187.089,29.330,300.053,51.414
1637552487.142,31.468,300.006,55.123
1637552787.246,29.252,300.000,51.289
1637553087.247,30.256,300.006,53.026
1637553387.253,30.147,300.008,52.837
1637553687.262,30.355,300.002,53.198
1637553987.263,29.704,300.020,52.068
1637554287.359,29.675,300.000,52.021
1637554587.360,30.631,300.009,53.673
1637554887.368,29.734,300.000,52.123
1637555187.369,28.959,300.019,50.778
1637555487.455,28.623,300.000,50.199
1637555787.455,28.089,300.010,49.273
1637556087.466,28.911,300.026,50.694
1637556387.493,29.348,300.011,51.453
1637556687.504,30.531,300.004,53.502
1637556987.508,29.736,300.006,52.126
1637557287.519,29.541,300.000,51.789
1637557587.519,28.993,300.065,50.829
1637557887.584,29.019,300.003,50.884
1637558187.588,28.906,300.003,50.688
1637558487.592,29.143,300.000,51.100
1637558787.592,28.501,300.016,49.986
1637559087.608,28.324,300.000,49.683
1637559387.609,27.953,300.010,49.038
1637559687.668,28.941,300.089,50.734
1637559987.758,29.148,300.005,51.107
1637560287.779,30.033,300.008,52.639
1637560587.788,30.231,300.001,52.982
1637560887.809,29.298,300.000,51.368
1637561187.809,28.583,300.004,50.130
1637561487.814,28.873,300.000,50.633
1637561787.815,28.977,300.000,50.812
1637562087.815,28.528,300.013,50.034
1637562387.829,28.890,300.002,50.661
1637562687.848,29.091,300.001,51.010
1637562987.849,28.116,300.002,49.321
1637563287.852,29.055,300.006,50.946
1637563587.858,28.868,300.075,50.611
1637563887.934,29.460,300.000,51.649
1637564187.934,29.113,300.000,51.048
1637564487.935,29.393,300.003,51.532
1637564787.938,28.473,300.021,49.936
1637565087.959,28.486,300.009,49.960
1637565387.968,28.169,300.013,49.412
1637565687.989,28.081,300.005,49.261
1637565987.994,28.044,300.003,49.197
1637566287.998,30.053,300.001,52.674
1637566587.999,28.910,300.027,50.692
1637566888.026,28.516,300.000,50.014
1637567188.026,28.982,300.004,50.821
1637567488.043,28.755,300.000,50.428
1637567788.048,27.996,300.000,49.114
1637568088.049,29.119,300.009,51.057
1637568388.058,28.256,300.005,49.564
1637568688.064,30.137,300.004,52.820
1637568988.068,28.101,300.011,49.294
1637569288.096,28.790,300.000,50.489
1637569588.096,28.418,300.000,49.845
1637569888.096,28.844,300.003,50.582
1637570188.099,29.269,300.000,51.317
1637570488.100,29.809,300.000,52.252
1637570788.110,29.027,300.008,50.898
1637571088.133,29.295,300.089,51.348
1637571388.222,28.009,300.000,49.137
1637571688.223,28.543,300.005,50.060
1637571988.228,28.476,300.005,49.944
1637572288.234,29.664,300.000,52.001
1637572588.234,28.566,300.000,50.101
1637572888.234,29.344,300.002,51.448
1637573188.236,28.142,300.008,49.366
1637573488.244,28.434,300.002,49.873
1637573788.246,29.029,300.000,50.903
1637574088.247,29.222,300.000,51.237
1637574388.247,29.244,300.000,51.274
1637574688.248,29.465,300.012,51.655
1637574988.260,28.434,300.006,49.872
1637575288.266,28.840,300.000,50.574
1637575588.266,28.190,300.003,49.449
1637575888.289,28.513,300.009,50.007
1637576188.298,28.006,300.001,49.132
1637576488.299,28.889,300.000,50.661
1637576788.300,28.036,300.000,49.183
1637577088.300,28.572,300.008,50.109
1637577388.308,28.736,300.007,50.394
1637577688.316,29.232,300.000,51.254
1637577988.316,28.523,300.003,50.026
1637578288.319,28.377,300.000,49.774
1637578588.320,28.780,300.020,50.467
1637578888.341,29.265,300.000,51.310
1637579188.341,28.231,300.015,49.518
1637579488.356,29.270,300.010,51.317
1637579788.367,28.381,300.012,49.779
1637580088.379,28.701,300.008,50.333
1637580388.387,28.502,300.001,49.990
1637580688.389,28.996,300.000,50.846
1637580988.389,28.901,300.145,50.657
1637581288.534,29.064,300.000,50.962
1637581588.535,29.021,300.024,50.884
1637581888.559,28.747,300.001,50.413
1637582188.559,28.709,300.014,50.346
1637582488.574,29.030,300.000,50.904
1637582788.574,29.016,300.003,50.879
1637583088.598,30.034,300.000,52.642
1637583388.598,29.109,300.061,51.031
1637583688.659,30.047,300.006,52.663
1637583988.666,28.885,300.000,50.653
1637584288.666,29.532,300.002,51.773
1637584588.668,29.276,300.070,51.317
1637584888.738,29.686,300.000,52.039
1637585188.749,29.830,300.060,52.279
1637585488.810,29.509,300.009,51.731
1637585788.819,31.214,300.000,54.685
1637586088.820,30.718,300.131,53.803
1637586388.951,31.413,300.003,55.028
1637586688.954,36.638,300.000,64.071
1637586988.955,33.040,300.002,57.845
1637587288.958,34.153,300.000,59.772
1637587588.959,34.870,300.016,61.009
1637587888.975,35.605,300.000,62.284
1637588188.975,35.713,300.006,62.470
1637588488.982,37.100,300.000,64.870
1637588788.982,36.408,300.000,63.674
1637589088.982,35.938,300.007,62.859
1637589388.989,36.428,300.006,63.706
1637589688.995,36.333,300.004,63.542
1637589988.999,36.938,300.009,64.589
1637590289.008,36.697,300.009,64.171
1637590589.017,36.885,300.000,64.498
1637590889.017,38.002,300.000,66.431
1637591189.028,36.184,300.001,63.286
1637591489.029,36.994,300.000,64.687
1637591789.038,37.300,300.008,65.214
1637592089.047,36.011,300.000,62.985
1637592389.058,36.410,300.000,63.676
1637592689.058,36.572,300.001,63.958
1637592989.059,36.498,300.000,63.830
1637593289.060,37.761,300.000,66.015
1637593589.060,37.358,300.013,65.315
1637593889.074,36.588,300.128,63.958
1637594189.202,36.383,300.007,63.628
1637594489.209,37.849,300.000,66.167
1637594789.210,37.339,300.010,65.282
1637595089.220,35.614,300.000,62.299
1637595389.220,35.705,300.000,62.456
1637595689.220,39.086,300.000,68.307
1637595989.221,39.871,300.008,69.664
1637596289.238,38.169,300.005,66.720
1637596589.244,35.990,300.019,62.947
1637596889.263,37.339,300.006,65.282
1637597189.269,37.528,300.016,65.607
1637597489.288,36.174,300.004,63.268
1637597789.292,36.727,300.001,64.225
1637598089.293,37.743,300.003,65.982
1637598389.296,35.812,300.000,62.641
1637598689.296,36.509,300.000,63.848
1637598989.297,36.751,300.029,64.260
1637599289.326,36.249,300.000,63.398
1637599589.326,35.963,300.000,62.903
1637599889.327,36.516,300.000,63.861
1637600189.327,35.964,300.035,62.898
1637600489.362,36.575,300.004,63.962
1637600789.367,36.310,300.000,63.503
1637601089.375,38.570,300.008,67.413
1637601389.384,38.418,300.004,67.150
1637601689.388,36.975,300.042,64.646
1637601989.431,37.076,300.016,64.826
1637602289.447,37.971,300.000,66.378
1637602589.448,39.478,300.002,68.985
1637602889.464,36.809,300.004,64.367
1637603189.468,36.590,300.021,63.983
1637603489.490,36.862,300.002,64.458
1637603789.492,36.454,300.006,63.751
1637604089.564,37.550,300.005,65.648
1637604389.569,36.091,300.014,63.122
1637604689.583,36.789,300.000,64.332
1637604989.584,36.524,300.044,63.865
1637605289.628,37.704,300.050,65.905
1637605589.679,37.595,300.012,65.725
1637605889.694,35.839,300.004,62.688
1637606189.698,36.856,300.000,64.449
1637606489.699,35.208,300.000,61.596
1637606789.699,35.189,300.010,61.563
1637607089.710,35.927,300.000,62.840
1637607389.710,35.969,300.000,62.914
1637607689.711,36.960,300.010,64.626
1637607989.721,36.622,300.000,64.043
1637608289.721,36.107,300.000,63.153
1637608589.721,35.890,300.000,62.776
1637608889.721,36.931,300.005,64.577
1637609189.727,36.301,300.001,63.487
1637609489.728,36.859,300.008,64.452
1637609789.740,37.519,300.000,65.596
1637610089.740,36.253,300.000,63.406
1637610389.741,37.146,300.000,64.950
1637610689.741,36.550,300.007,63.917
1637610989.748,36.937,300.000,64.588
1637611289.749,36.617,300.009,64.033
1637611589.758,36.968,300.010,64.641
1637611889.768,36.578,300.001,63.967
1637612189.779,36.044,300.001,63.043
1637612489.780,36.984,300.000,64.669
1637612789.781,36.424,300.022,63.696
1637613089.803,37.132,300.102,64.904
1637613389.905,36.911,300.012,64.541
1637613689.917,36.653,300.000,64.097
1637613989.917,36.550,300.018,63.915
1637614289.935,36.128,300.000,63.189
1637614589.935,36.752,300.013,64.266
1637614890.000,35.590,300.000,62.257
1637615190.000,35.253,300.008,61.672
1637615490.023,30.348,300.000,53.185
1637615790.023,30.834,300.015,54.023
1637616090.039,30.842,300.000,54.041
1637616390.049,30.060,300.009,52.685
1637616690.058,30.161,300.078,52.848
1637616990.136,29.366,300.013,51.484
1637617290.149,30.082,300.008,52.724
1637617590.158,29.458,300.022,51.641
1637617890.180,30.128,300.000,52.805
1637618190.180,28.894,300.026,50.665
1637618490.206,29.222,300.008,51.235
1637618790.214,30.081,300.013,52.722
1637619090.228,29.337,300.001,51.435
1637619390.229,30.710,300.000,53.813
1637619690.229,28.817,300.010,50.533
1637619990.239,28.641,300.009,50.228
1637620290.248,29.036,300.004,50.914
1637620590.252,30.510,300.000,53.465
1637620890.252,29.926,300.005,52.454
1637621190.257,28.904,300.012,50.684
1637621490.269,29.303,300.003,51.377
1637621790.272,28.945,300.006,50.756
1637622090.279,31.052,300.009,54.402
1637622390.288,30.369,300.010,53.220
1637622690.351,30.925,300.008,54.183
1637622990.360,32.316,300.008,56.590
1637623290.388,30.360,300.001,53.207
1637623590.399,30.705,300.009,53.802
1637623890.408,33.099,300.001,57.946
1637624190.415,33.721,300.003,59.022
1637624490.419,33.936,300.000,59.396
1637624790.419,34.068,300.003,59.624
1637625090.451,33.723,300.007,59.026
1637625390.458,33.338,300.002,58.361
1637625690.480,33.571,300.000,58.763
1637625990.480,33.804,300.000,59.168
1637626290.481,34.400,300.008,60.197
1637626590.489,34.073,300.019,59.629
1637626890.508,34.468,300.009,60.315
1637627190.517,33.870,300.011,59.280
1637627490.538,33.137,300.001,58.013
1637627790.550,34.344,300.008,60.100
1637628090.558,33.572,300.009,58.763
1637628390.567,33.645,300.002,58.892
1637628690.574,33.527,300.003,58.687
1637628990.577,33.328,300.001,58.342
1637629290.579,34.758,300.008,60.816
1637629590.587,34.139,300.012,59.744
1637629890.599,33.009,300.000,57.790
1637630190.600,35.044,300.008,61.311
1637630490.608,33.693,300.011,58.973
1637630790.619,32.658,300.000,57.183
1637631090.619,33.163,300.003,58.057
1637631390.622,33.573,300.004,58.767
1637631690.627,33.521,300.013,58.674
1637631990.639,33.624,300.000,58.856
1637632290.640,32.743,300.008,57.328
1637632590.648,33.498,300.010,58.635
1637632890.667,34.005,300.000,59.515
1637633190.667,33.482,300.002,58.609
1637633490.684,34.160,300.000,59.784
1637633790.684,32.890,300.025,57.581
1637634090.709,33.198,300.000,58.117
1637634390.710,34.032,300.018,59.559
1637634690.728,32.582,300.001,57.052
1637634990.729,32.869,300.006,57.548
1637635290.746,33.028,300.000,57.824
1637635590.746,34.125,300.007,59.720
1637635890.754,32.048,300.094,56.111
1637636190.848,33.015,300.018,57.799
1637636490.866,34.285,300.001,59.999
1637636790.868,32.819,300.001,57.462
1637637090.869,33.100,300.007,57.947
1637637390.877,32.747,300.007,57.336
1637637690.884,35.706,300.004,62.458
1637637990.888,32.990,300.020,57.753
1637638290.909,32.191,300.000,56.375
1637638590.909,33.431,300.019,58.518
1637638890.929,32.384,300.010,56.707
1637639190.939,33.194,300.018,58.108
1637639490.958,33.703,300.001,58.992
1637639790.959,33.842,300.019,59.229
1637640090.979,32.689,300.009,57.236
1637640390.988,33.156,300.011,58.043
1637640690.999,32.320,300.000,56.598
1637640990.999,32.572,300.000,57.035
1637641291.000,33.020,300.008,57.808
1637641591.008,32.690,300.122,57.217
1637641891.130,32.214,300.009,56.413
1637642191.139,32.412,300.009,56.756
1637642491.148,32.953,300.009,57.693
1637642791.157,33.434,300.000,58.526
1637643091.157,32.467,300.001,56.852
1637643391.159,34.715,300.024,60.738
1637643691.184,32.397,300.004,56.731
1637643991.188,33.000,300.000,57.776
1637644291.189,32.561,300.009,57.014
1637644591.198,32.879,300.026,57.562
1637644891.224,32.164,300.004,56.327
1637645191.228,32.300,300.070,56.550
1637645491.299,31.957,300.000,55.971
1637645791.309,36.340,300.016,63.552
1637646091.325,28.640,300.004,50.228
1637646391.329,29.511,300.004,51.736
1637646691.334,28.199,300.000,49.465
1637646991.335,29.083,300.004,50.995
1637647291.338,28.165,300.014,49.404
1637647591.352,28.729,300.000,50.382
1637647891.352,28.723,300.006,50.372
1637648191.358,29.019,300.001,50.886
1637648491.359,29.039,300.000,50.919
1637648791.359,28.955,300.000,50.774
1637649091.360,29.516,300.000,51.746
1637649391.360,28.806,300.024,50.513
1637649691.444,28.862,300.000,50.613
1637649991.444,29.143,300.011,51.098
1637650291.456,28.462,300.003,49.920
1637650591.459,29.241,300.004,51.270
1637650891.463,29.356,300.004,51.467
1637651191.467,29.068,300.000,50.969
1637651491.468,28.617,300.000,50.188
1637651791.468,29.492,300.002,51.703
1637652091.471,29.052,300.003,50.942
1637652391.474,29.114,300.009,51.047
1637652691.484,29.272,300.000,51.323
1637652991.484,28.957,300.073,50.765
1637653291.561,29.322,300.007,51.408
1637653591.569,29.038,300.009,50.916
1637653891.578,28.332,300.002,49.695
1637654191.580,29.502,300.000,51.720
1637654491.580,28.981,300.006,50.818
1637654791.586,30.270,300.001,53.050
1637655091.588,28.783,300.001,50.477
1637655391.589,29.235,300.005,51.258
1637655691.594,28.648,300.002,50.243
1637655991.597,28.682,300.003,50.301
1637656291.600,28.656,300.000,50.256
1637656591.600,29.060,300.000,50.956
1637656891.600,29.098,300.008,51.020
1637657191.608,29.320,300.010,51.404
1637657491.619,28.748,300.000,50.416
1637657791.619,29.247,300.009,51.279
1637658091.628,29.223,300.008,51.236
1637658391.636,29.129,300.002,51.074
1637658691.639,28.636,300.000,50.223
1637658991.639,29.065,300.006,50.963
1637659291.651,28.843,300.000,50.580
1637659591.651,29.448,300.023,51.624
1637659891.675,29.176,300.000,51.157
1637660191.675,29.119,300.004,51.058
1637660491.684,28.804,300.003,50.512
1637660791.686,29.308,300.009,51.384
1637661091.695,28.949,300.003,50.763
1637661391.698,29.538,300.006,51.783
1637661691.704,29.074,300.000,50.980
1637661991.705,28.917,300.003,50.708
1637662291.708,29.457,300.011,51.642
1637662591.719,29.900,300.007,52.409
1637662891.726,29.237,300.101,51.246
1637663191.827,28.947,300.000,50.760
1637663491.827,29.136,300.001,51.087
1637663791.837,29.486,300.046,51.686
1637664091.884,28.622,300.000,50.198
1637664391.884,28.857,300.000,50.604
1637664691.884,28.649,300.004,50.243
1637664991.888,30.008,300.009,52.595
1637665291.898,29.302,300.001,51.375
1637665591.899,29.104,300.027,51.027
1637665891.926,28.405,300.000,49.821
1637666191.939,29.555,300.073,51.800
1637666492.013,29.154,300.035,51.113
1637666792.048,29.657,300.027,51.985
1637667092.075,29.068,300.008,50.968
1637667392.083,29.657,300.001,51.988
1637667692.084,29.140,300.004,51.094
1637667992.088,29.814,300.006,52.260
1637668292.094,29.941,300.000,52.481
1637668592.094,29.990,300.003,52.566
1637668892.098,29.890,300.011,52.390
1637669192.109,30.467,300.025,53.388
1637669492.134,30.207,300.000,52.942
1637669792.135,30.584,300.000,53.593
1637670092.135,29.811,300.002,52.256
1637670392.143,30.998,300.015,54.307
1637670692.158,30.108,300.016,52.767
1637670992.174,32.234,300.000,56.450
1637671292.175,30.815,300.003,53.993
1637671592.178,34.112,300.030,59.694
1637671892.209,34.669,300.017,60.661
1637672192.288,34.156,300.005,59.774
1637672492.294,34.242,300.000,59.925
1637672792.294,36.630,300.047,64.048
1637673092.342,38.787,300.000,67.790
1637673392.342,42.670,300.044,74.497
1637673692.386,39.352,300.007,68.766
1637673992.394,39.112,300.004,68.351
1637674292.398,36.878,300.006,64.486
1637674592.404,39.092,300.002,68.318
1637674892.406,39.373,300.002,68.804
1637675192.409,38.227,300.000,66.821
1637675492.410,37.651,300.000,65.824
1637675792.410,37.931,300.002,66.309
1637676092.412,38.583,300.000,67.437
1637676392.412,38.708,300.000,67.652
1637676692.412,36.973,300.000,64.651
1637676992.413,40.796,300.006,71.263
1637677292.419,36.587,300.010,63.981
1637677592.429,38.252,300.000,66.863
1637677892.430,36.569,300.008,63.950
1637678192.438,36.748,300.006,64.260
1637678492.445,35.506,300.003,62.112
1637678792.448,37.826,300.034,66.119
1637679092.482,35.195,300.005,61.573
1637679392.518,37.561,300.021,65.664
1637679692.539,36.093,300.000,63.129
1637679992.540,35.965,300.107,62.885
1637680292.651,35.447,300.009,62.008
1637680592.659,36.473,300.005,63.784
1637680892.665,36.275,300.000,63.443
1637681192.665,35.384,300.003,61.901
1637681492.685,37.592,300.113,65.698
1637681792.798,38.274,300.006,66.901
1637682092.827,36.752,300.000,64.269
1637682392.827,35.993,300.002,62.954
1637682692.836,38.427,300.003,67.167
1637682992.838,34.859,300.000,60.993
1637683292.839,37.562,300.010,65.669
1637683592.849,35.391,300.000,61.913
1637683892.849,36.913,300.010,64.545
1637684192.859,36.396,300.000,63.652
1637684492.860,34.462,300.000,60.305
1637684792.860,37.082,300.000,64.839
1637685092.860,36.331,300.005,63.539
1637685392.866,38.898,300.001,67.982
1637685692.935,36.026,300.002,63.013
1637685992.937,37.288,300.005,65.195
1637686292.942,36.925,300.000,64.568
1637686592.943,38.665,300.000,67.579
1637686892.943,35.008,300.005,61.250
1637687192.948,39.696,300.071,69.347
1637687493.020,35.521,300.009,62.136
1637687793.029,37.422,300.000,65.428
1637688093.030,38.948,300.000,68.068
1637688393.030,39.298,300.000,68.674
1637688693.030,41.004,300.000,71.626
1637688993.031,39.329,300.001,68.728
1637689293.050,38.229,300.008,66.822
1637689593.058,37.718,300.000,65.941
1637689893.059,37.728,300.009,65.954
1637690193.068,38.431,300.001,67.173
1637690493.069,39.390,300.009,68.831
1637690793.079,39.697,300.005,69.363
1637691093.084,36.745,300.000,64.256
1637691393.084,38.402,300.003,67.123
1637691693.087,35.458,300.001,62.030
1637691993.089,41.955,300.062,73.256
1637692293.152,40.379,300.000,70.545
1637692593.152,34.671,300.000,60.668
1637692893.152,36.134,300.113,63.176
1637693193.265,38.083,300.000,66.572
1637693493.266,34.963,300.002,61.172
1637693793.268,39.130,300.001,68.383
1637694093.269,39.890,300.009,69.696
1637694393.278,40.001,300.011,69.888
1637694693.289,37.254,300.000,65.137
1637694993.290,40.492,300.016,70.736
1637695293.306,35.655,300.003,62.369
1637695593.309,34.017,300.000,59.535
1637695893.309,36.850,300.000,64.439
1637696193.310,35.349,300.008,61.838
1637696493.318,34.450,300.001,60.285
1637696793.319,37.694,300.004,65.898
1637697093.324,35.148,300.000,61.492
1637697393.324,35.432,300.003,61.984
1637697693.327,36.175,300.011,63.268
1637697993.338,35.903,300.010,62.797
1637698293.349,33.717,300.009,59.014
1637698593.358,38.354,300.021,67.036
1637698893.593,31.950,300.000,55.958
1637699193.594,36.775,300.004,64.307
1637699493.628,35.651,300.000,62.364
1637699793.629,36.137,300.042,63.195
1637700093.671,37.400,300.080,65.373
1637700393.751,34.946,300.013,61.141
1637700693.765,34.858,300.000,60.991
1637700993.765,34.533,300.014,60.425
1637701293.779,35.388,300.006,61.907
1637701593.786,35.041,300.000,61.307
1637701893.786,34.116,300.000,59.706
1637702193.786,35.177,300.000,61.543
1637702493.787,34.562,300.005,60.478
1637702793.792,37.991,300.000,66.413
1637703093.792,36.137,300.000,63.203
1637703393.793,35.711,300.015,62.464
1637703693.825,34.652,300.152,60.604
1637703993.977,35.803,300.001,62.626
1637704293.979,34.082,300.004,59.648
1637704593.983,34.568,300.000,60.489
1637704893.983,34.673,300.005,60.669
1637705193.988,33.541,300.000,58.711
1637705493.990,33.244,300.000,58.198
1637705793.991,33.846,300.000,59.240
1637706093.991,33.787,300.000,59.138
1637706393.991,34.038,300.007,59.571
1637706693.998,35.156,300.001,61.506
1637706993.999,33.700,300.000,58.988
1637707293.999,33.379,300.000,58.431
1637707594.000,34.508,300.047,60.376
1637707894.048,33.427,300.000,58.515
1637708194.048,34.901,300.001,61.066
1637708494.049,32.858,300.000,57.530
1637708794.049,34.321,300.000,60.061
1637709094.050,33.301,300.001,58.296
1637709394.051,34.078,300.000,59.641
1637709694.051,35.337,300.000,61.819
1637709994.051,34.408,300.000,60.213
1637710294.052,32.839,300.000,57.498
1637710594.052,34.641,300.000,60.615
1637710894.052,32.991,300.000,57.760
1637711194.053,34.789,300.000,60.871
1637711494.053,34.150,300.001,59.765
1637711794.055,36.862,300.004,64.458
1637712094.058,36.047,300.000,63.048
1637712394.059,40.253,300.007,70.325
1637712694.066,34.774,300.000,60.845
1637712994.066,30.198,300.000,52.926
1637713294.067,25.560,300.000,44.898
1637713594.067,17.025,300.001,30.117
1637713894.074,10.374,300.000,18.597
1637714194.075,34.568,300.004,60.488
1637714494.079,33.394,300.000,58.458
1637714794.079,35.340,300.005,61.824
1637715094.084,34.801,300.005,60.892
1637715394.089,37.584,300.000,65.709
1637715694.089,36.682,300.002,64.147
1637715994.092,38.190,300.000,66.757
1637716294.092,33.984,300.000,59.478
1637716594.093,35.459,300.000,62.032
1637716894.094,36.575,300.000,63.962
1637717194.094,37.635,300.005,65.795
1637717494.099,36.377,300.000,63.620
1637717794.099,37.208,300.000,65.057
1637718094.100,37.760,300.000,66.013
1637718394.100,37.606,300.006,65.744
1637718694.107,36.273,300.000,63.439
1637718994.107,37.010,300.000,64.715
1637719294.113,37.627,300.000,65.783
1637719594.113,36.691,300.000,64.162
1637719894.113,35.047,300.136,61.291
1637720194.250,38.932,300.006,68.038
1637720494.255,36.366,300.001,63.600
1637720794.257,35.723,300.006,62.487
1637721094.263,33.286,300.005,58.269
1637721394.268,33.369,300.001,58.415
1637721694.269,34.076,300.000,59.637
1637721994.270,33.649,300.000,58.898
1637722294.270,32.915,300.000,57.629
1637722594.270,33.493,300.007,58.627
1637722894.277,33.330,300.002,58.346
1637723194.279,33.732,300.000,59.042
1637723494.280,32.931,300.009,57.654
1637723794.289,33.937,300.000,59.397
1637724094.290,32.870,300.003,57.549
1637724394.293,33.360,300.000,58.398
1637724694.293,32.286,300.000,56.541
1637724994.293,31.592,300.000,55.339
1637725294.294,31.021,300.004,54.349
1637725594.298,30.667,300.000,53.737
1637725894.299,28.621,300.000,50.197
1637726194.299,28.878,300.005,50.640
1637726494.306,27.199,300.000,47.734
1637726794.307,28.752,300.002,50.422
1637727094.309,26.774,300.000,46.998
1637727394.309,27.018,300.000,47.422
1637727694.310,26.343,300.000,46.253
1637727994.310,28.424,300.000,49.856
1637728294.310,26.716,300.000,46.898
1637728594.311,27.963,300.003,49.056
1637728894.314,25.951,300.000,45.573
1637729194.314,26.534,300.000,46.583
1637729494.315,26.483,300.010,46.493
1637729794.325,25.699,300.000,45.138
1637730094.326,23.356,300.000,41.081
1637730394.326,21.629,300.000,38.091
1637730694.327,19.983,300.003,35.240
1637730994.330,22.001,300.006,38.734
1637731294.336,20.239,300.000,35.683
1637731594.336,19.322,300.000,34.096
1637731894.337,18.941,300.007,33.435
1637732194.344,16.552,300.000,29.298
1637732494.344,8.588,300.000,15.503
1637732794.344,0.988,300.000,2.332
1637733094.345,3.252,300.003,6.257
1637733394.348,18.602,300.001,32.849
1637733694.349,21.886,300.004,38.535
1637733994.354,23.137,300.001,40.702
1637734294.356,24.647,300.000,43.317
1637734594.356,29.514,300.000,51.742
1637734894.356,30.299,300.000,53.100
1637735194.357,32.488,300.000,56.889
1637735494.358,31.537,300.001,55.244
1637735794.359,32.533,300.009,56.966
1637736094.368,32.366,300.090,56.661
1637736394.459,33.303,300.006,58.299
1637736694.465,31.713,300.004,55.547
1637736994.469,31.717,300.000,55.554
1637737294.469,30.580,300.000,53.587
1637737594.470,29.322,300.007,51.409
1637737894.477,28.466,300.001,49.928
1637738194.478,28.553,300.001,50.078
1637738494.480,26.113,300.000,45.855
1637738794.480,27.639,300.000,48.497
1637739094.480,22.968,300.000,40.410
1637739394.481,22.791,300.000,40.103
1637739694.481,15.578,300.000,27.611
1637739994.481,16.671,300.006,29.505
1637740294.488,17.071,300.001,30.198
1637740594.489,17.994,300.009,31.795
1637740894.499,18.331,300.007,32.380
1637741194.507,18.437,300.003,32.563
1637741494.509,13.962,300.000,24.812
1637741794.510,8.193,300.005,14.819
1637742094.515,5.321,300.000,9.841
1637742394.515,1.908,300.003,3.927
1637742694.518,1.096,300.001,2.520
1637742994.519,1.344,300.009,2.950
1637743294.529,1.442,300.000,3.120
1637743594.529,1.688,300.000,3.546
1637743894.529,1.969,300.000,4.032
1637744194.530,2.000,300.000,4.087
1637744494.530,1.466,300.008,3.160
1637744794.538,1.174,300.000,2.654
1637745094.539,0.969,300.000,2.300
1637745394.539,0.994,300.000,2.343
1637745694.540,1.397,300.007,3.041
1637745994.547,2.281,300.009,4.573
1637746294.556,2.582,300.003,5.096
1637746594.559,2.383,300.009,4.750
1637746894.568,2.884,300.001,5.619
1637747194.569,3.159,300.007,6.095
1637747494.577,2.929,300.000,5.697
1637747794.579,3.537,300.009,6.750
1637748094.588,3.398,300.010,6.509
1637748394.598,3.353,300.005,6.431
1637748694.604,3.085,300.004,5.967
1637748994.608,2.982,300.001,5.788
1637749294.609,2.815,300.000,5.499
1637749594.610,3.140,300.009,6.063
1637749894.619,3.379,300.000,6.477
1637750194.620,4.713,300.000,8.788
1637750494.620,2.262,300.004,4.540
1637750794.624,2.283,300.003,4.577
1637751094.628,1.075,300.005,2.483
1637751394.634,1.062,300.004,2.461
1637751694.638,1.062,300.000,2.461
1637751994.649,1.131,300.000,2.581
1637752294.649,1.065,300.009,2.466
1637752594.658,1.265,300.000,2.812
1637752894.669,0.875,300.007,2.136
1637753194.676,1.145,300.000,2.605
1637753494.676,1.147,300.000,2.609
1637753794.677,1.065,300.000,2.466
1637754094.679,1.188,300.000,2.679
1637754394.680,1.135,300.008,2.588
1637754694.688,1.028,300.000,2.402
1637754994.689,1.111,300.009,2.546
1637755294.698,0.996,300.011,2.347
1637755594.709,0.939,300.009,2.247
1637755894.718,1.306,300.001,2.883
1637756194.720,1.187,300.000,2.678
1637756494.720,1.413,300.008,3.069
1637756794.729,2.238,300.000,4.498
1637757094.739,2.012,300.009,4.107
1637757394.748,2.306,300.000,4.616
1637757694.759,3.022,300.003,5.858
1637757994.763,3.838,300.006,7.272
1637758294.769,4.188,300.009,7.878
1637758594.778,3.835,300.010,7.267
1637758894.788,4.009,300.000,7.568
1637759194.797,5.503,300.006,10.157
1637759494.803,2.989,300.000,5.801
1637759794.804,2.710,300.000,5.318
1637760094.804,1.758,300.000,3.667
1637760394.804,1.305,300.004,2.881
1637760694.808,0.895,300.003,2.172
1637760994.819,0.446,300.000,1.394
1637761294.819,0.740,300.000,1.903
1637761594.819,0.309,300.000,1.156
1637761894.820,0.213,300.004,0.989
1637762194.824,0.103,300.005,0.799
1637762494.829,0.045,300.000,0.697
1637762794.829,3.976,300.000,7.510
1637763094.829,7.226,300.010,13.143
1637763394.839,11.102,300.009,19.858
1637763694.848,33.904,300.000,59.339
1637763994.849,6.376,300.000,11.670
1637764294.849,0.840,300.000,2.077
1637764594.850,0.124,300.000,0.834
1637764894.850,0.182,300.008,0.935
1637765194.858,0.109,300.000,0.810
1637765494.869,0.133,300.009,0.850
1637765794.878,0.003,300.000,0.626
1637766094.900,0.066,300.000,0.734
1637766394.900,0.033,300.000,0.676
1637766694.900,0.000,300.009,0.620
1637766994.909,0.000,300.009,0.620
1637767294.918,0.000,300.001,0.620
1637767594.919,0.000,300.000,0.620
1637767894.920,0.000,300.004,0.620
1637768194.924,0.000,300.000,0.620
1637768494.924,26.580,300.004,46.662
1637768794.928,25.723,300.000,45.179
1637769094.937,15.312,300.000,27.151
1637769394.948,36.782,300.001,64.321
1637769694.959,46.094,300.009,80.429
1637769994.968,35.230,300.008,61.634
1637770294.976,35.561,300.000,62.208
1637770594.977,35.885,300.002,62.768
1637770894.979,34.309,300.000,60.041
1637771194.980,35.502,300.000,62.106
1637771494.980,34.246,300.000,59.933
1637771794.980,35.109,300.000,61.425
1637772094.980,34.497,300.006,60.365
1637772394.987,36.219,300.000,63.347
1637772694.987,35.697,300.001,62.443
1637772994.988,35.582,300.000,62.243
1637773294.989,35.262,300.000,61.691
1637773594.989,35.408,300.001,61.943
1637773894.990,34.903,300.008,61.067
1637774194.998,36.247,300.000,63.394
1637774494.999,34.490,300.000,60.354
1637774794.999,35.973,300.000,62.920
1637775095.000,33.548,300.000,58.725
1637775395.000,35.106,300.010,61.418
1637775695.010,34.944,300.000,61.139
1637775995.011,35.603,300.007,62.279
1637776295.018,34.873,300.005,61.017
1637776595.088,34.882,300.038,61.025
1637776895.127,34.663,300.000,60.653
1637777195.127,35.808,300.001,62.635
1637777495.139,35.677,300.004,62.408
1637777795.143,35.393,300.000,61.916
1637778095.144,35.229,300.010,61.630
1637778395.153,35.237,300.056,61.636
1637778695.209,34.935,300.010,61.123
1637778995.219,35.105,300.000,61.419
1637779295.220,34.971,300.000,61.186
1637779595.220,35.606,300.000,62.285
1637779895.220,34.858,300.000,60.990
1637780195.221,36.012,300.000,62.987
1637780495.221,34.750,300.018,60.800
1637780795.239,36.405,300.000,63.668
1637781095.240,35.072,300.000,61.360
1637781395.240,35.264,300.009,61.692
1637781695.249,36.259,300.007,63.415
1637781995.256,36.233,300.014,63.367
1637782295.270,37.398,300.000,65.386
1637782595.270,37.284,300.008,65.187
1637782895.278,38.564,300.001,67.404
1637783195.285,39.585,300.002,69.170
1637783495.288,36.968,300.001,64.642
1637783795.289,38.667,300.009,67.581
1637784095.298,35.950,300.000,62.881
1637784395.299,37.010,300.009,64.713
1637784695.308,36.039,300.000,63.035
1637784995.309,35.999,300.000,62.966
1637785295.309,36.409,300.009,63.673
1637785595.318,35.996,300.000,62.960
1637785895.329,37.336,300.003,65.278
1637786195.332,35.683,300.019,62.414
1637786495.352,34.338,300.011,60.089
1637786795.363,35.445,300.000,62.006
1637787095.368,33.981,300.008,59.472
1637787395.376,34.547,300.000,60.452
1637787695.377,31.543,300.000,55.254
1637787995.377,31.190,300.001,54.642
1637788295.388,29.637,300.025,51.951
1637788595.413,31.052,300.000,54.403
1637788895.413,30.371,300.005,53.225
1637789195.418,30.926,300.001,54.186
1637789495.419,31.030,300.029,54.361
1637789795.449,30.817,300.000,53.997
1637790095.449,29.874,300.000,52.365
1637790395.449,31.842,300.009,55.769
1637790695.458,30.397,300.001,53.270
1637790995.467,31.701,300.000,55.527
1637791295.468,30.474,300.001,53.404
1637791595.469,32.084,300.003,56.189
1637791895.473,30.822,300.000,54.007
1637792195.473,31.128,300.000,54.536
1637792495.473,30.081,300.000,52.722
1637792795.474,30.462,300.000,53.383
1637793095.474,30.268,300.000,53.048
1637793395.475,30.600,300.000,53.621
1637793695.475,30.289,300.003,53.082
1637793995.479,30.682,300.000,53.763
1637794295.489,30.218,300.000,52.960
1637794595.489,30.341,300.003,53.172
1637794895.493,29.945,300.011,52.485
1637795195.534,31.168,300.004,54.605
1637795495.538,30.003,300.000,52.589
1637795795.539,30.968,300.000,54.259
1637796095.539,30.489,300.000,53.430
1637796395.539,30.592,300.037,53.600
1637796695.577,29.549,300.000,51.802
1637796995.578,30.487,300.001,53.426
1637797295.588,29.896,300.001,52.403
1637797595.588,30.605,300.000,53.630
1637797895.589,30.387,300.000,53.253
1637798195.589,30.569,300.009,53.566
1637798495.598,30.353,300.004,53.194
1637798795.603,31.795,300.001,55.689
1637799095.603,29.696,300.000,52.057
1637799395.604,29.763,300.000,52.173
1637799695.604,30.226,300.010,52.972
1637799995.614,31.239,300.004,54.726
1637800295.618,30.025,300.038,52.619
1637800595.657,30.907,300.002,54.152
1637800895.659,29.733,300.009,52.119
1637801195.668,30.343,300.001,53.177
1637801495.669,29.860,300.005,52.339
1637801795.675,29.637,300.000,51.954
1637802095.675,30.647,300.000,53.703
1637802395.675,30.605,300.004,53.630
1637802695.679,29.873,300.000,52.363
1637802995.679,31.100,300.006,54.486
1637803295.688,31.068,300.001,54.431
1637803595.689,32.610,300.007,57.099
1637803895.696,31.383,300.003,54.976
1637804195.699,32.023,300.014,56.082
1637804495.713,32.014,300.021,56.065
1637804795.734,31.233,300.000,54.717
1637805095.735,29.833,300.000,52.294
1637805395.735,30.201,300.000,52.930
1637805695.736,30.246,300.007,53.008
1637805995.743,30.019,300.000,52.616
1637806295.744,29.896,300.000,52.403
1637806595.744,31.040,300.000,54.383
1637806895.744,30.162,300.000,52.864
1637807195.745,30.887,300.003,54.118
1637807495.748,30.291,300.001,53.087
1637807795.749,31.061,300.000,54.419
1637808095.749,29.017,300.010,50.880
1637808395.759,29.997,300.000,52.577
1637808695.760,29.373,300.001,51.498
1637808995.761,30.297,300.000,53.098
1637809295.761,29.890,300.001,52.392
1637809595.764,30.079,300.005,52.719
1637809895.769,29.622,300.000,51.928
1637810195.770,30.124,300.002,52.798
1637810495.772,30.439,300.006,53.343
1637810795.778,30.906,300.000,54.152
1637811095.779,30.242,300.007,53.001
1637811395.786,30.362,300.007,53.208
1637811695.794,29.439,300.000,51.613
1637811995.794,31.408,300.000,55.020
1637812295.794,29.699,300.104,52.045
1637812595.898,30.756,300.011,53.890
1637812895.909,28.996,300.000,50.846
1637813195.910,29.731,300.009,52.116
1637813495.919,29.616,300.000,51.919
1637813795.919,30.440,300.000,53.345
1637814095.920,29.312,300.000,51.391
1637814395.920,30.180,300.005,52.893
1637814695.925,28.929,300.004,50.728
1637814995.929,30.214,300.006,52.953
1637815295.935,29.151,300.008,51.112
1637815595.943,30.410,300.003,53.291
1637815895.947,28.936,300.002,50.740
1637816195.949,30.351,300.009,53.190
1637816495.958,29.196,300.009,51.191
1637816795.968,30.845,300.001,54.045
1637817095.979,29.026,300.000,50.897
1637817395.980,31.200,300.000,54.660
1637817695.980,30.170,300.000,52.877
1637817995.980,29.823,300.000,52.276
1637818295.980,30.263,300.000,53.039
1637818595.981,29.019,300.007,50.884
1637818896.005,26.469,300.000,46.471
1637819196.005,26.515,300.003,46.549
1637819496.008,25.215,300.000,44.299
1637819796.009,26.705,300.000,46.879
1637820096.009,26.442,300.002,46.423
1637820396.012,26.766,300.000,46.985
1637820696.012,25.771,300.000,45.263
1637820996.012,26.459,300.016,46.450
1637821296.030,25.834,300.000,45.371
1637821596.030,26.670,300.009,46.817
1637821896.039,26.213,300.008,46.027
1637822196.047,26.642,300.071,46.759
1637822496.119,25.618,300.000,44.997
1637822796.120,26.373,300.008,46.304
1637823096.128,26.203,300.000,46.010
1637823396.139,27.204,300.000,47.742
1637823696.139,25.908,300.010,45.498
1637823996.150,27.181,300.008,47.702
1637824296.158,26.373,300.010,46.303
1637824596.168,27.139,300.001,47.630
1637824896.169,26.192,300.007,45.990
1637825196.177,27.237,300.000,47.800
1637825496.177,26.143,300.000,45.907
1637825796.178,26.355,300.001,46.273
1637826096.179,26.414,300.000,46.376
1637826396.180,27.284,300.034,47.876
1637826696.213,25.796,300.000,45.305
1637826996.214,26.758,300.004,46.971
1637827296.218,25.996,300.001,45.651
1637827596.219,26.663,300.001,46.806
1637827896.221,25.611,300.000,44.985
1637828196.221,26.784,300.002,47.016
1637828496.229,27.042,300.000,47.462
1637828796.229,26.874,300.010,47.171
1637829096.240,26.271,300.000,46.128
1637829396.240,27.127,300.000,47.611
1637829696.240,26.141,300.000,45.903
1637829996.241,27.268,300.002,47.854
1637830296.243,26.024,300.000,45.701
1637830596.243,26.128,300.005,45.881
1637830896.248,26.364,300.011,46.287
1637831196.259,27.035,300.000,47.451
1637831496.259,25.830,300.004,45.364
1637831796.264,27.015,300.000,47.417
1637832096.264,25.955,300.004,45.581
1637832396.364,26.977,300.005,47.350
1637832696.369,26.035,300.000,45.720
1637832996.370,27.459,300.000,48.184
1637833296.370,25.948,300.000,45.569
1637833596.370,27.241,300.009,47.807
1637833896.379,26.170,300.006,45.952
1637834196.385,27.416,300.003,48.110
1637834496.388,26.769,300.005,46.989
1637834796.394,27.300,300.004,47.909
1637835096.398,26.890,300.000,47.199
1637835396.399,27.183,300.005,47.706
1637835696.404,27.760,300.004,48.705
1637835996.409,27.744,300.000,48.678
1637836296.409,26.465,300.000,46.463
1637836596.410,27.264,300.000,47.847
1637836896.410,26.201,300.000,46.007
1637837196.410,27.566,300.000,48.369
1637837496.411,26.650,300.000,46.783
1637837796.411,27.227,300.000,47.783
1637838096.411,27.062,300.006,47.496
1637838396.418,27.162,300.006,47.670
1637838696.424,26.468,300.000,46.469
1637838996.436,27.027,300.000,47.436
1637839296.437,26.929,300.002,47.267
1637839596.439,28.298,300.000,49.637
1637839896.440,27.333,300.000,47.966
1637840196.440,28.610,300.000,50.177
1637840496.441,27.446,300.006,48.160
1637840796.447,28.472,300.000,49.938
1637841096.447,27.700,300.001,48.601
1637841396.448,31.405,300.011,55.014
1637841696.519,34.500,300.005,60.370
1637841996.524,29.072,300.089,50.962
1637842296.613,28.096,300.000,49.287
1637842596.614,28.300,300.000,49.641
1637842896.614,26.869,300.001,47.163
1637843196.615,30.499,300.000,53.447
1637843496.616,31.658,300.009,55.451
1637843796.625,32.491,300.003,56.895
1637844096.628,30.982,300.010,54.280
1637844396.638,32.591,300.000,57.068
1637844696.639,30.676,300.000,53.753
1637844996.639,32.285,300.010,56.536
1637845296.649,31.110,300.009,54.503
1637845596.658,31.846,300.001,55.778
1637845896.659,30.826,300.009,54.011
1637846196.668,32.261,300.009,56.496
1637846496.677,30.989,300.002,54.294
1637846796.679,31.420,300.000,55.041
1637847096.679,31.141,300.010,54.556
1637847396.689,31.925,300.000,55.915
1637847696.690,30.682,300.000,53.763
1637847996.690,31.744,300.005,55.600
1637848296.695,31.547,300.000,55.262
1637848596.695,31.892,300.001,55.857
1637848896.696,30.654,300.000,53.715
1637849196.697,31.862,300.002,55.806
1637849496.699,30.546,300.009,53.526
1637849796.708,31.869,300.001,55.818
1637850096.709,31.291,300.000,54.818
1637850396.710,31.617,300.008,55.381
1637850696.718,31.201,300.001,54.662
1637850996.719,31.331,300.000,54.887
1637851296.720,31.062,300.000,54.421
1637851596.720,31.678,300.000,55.488
1637851896.720,31.256,300.007,54.756
